{
  "active_count_max": 48,
  "active_count_mean": 47.99755859375,
  "active_count_min": 47,
  "alive_feature_ratio": 0.9999491373697916,
  "boundary_metrics": {
    "context": {
      "boundary_detection_delay": 0.0,
      "boundary_f1": 0.06106870229007634,
      "boundary_precision": 0.031496062992125984,
      "boundary_recall": 1.0,
      "false_change_rate": 0.2421259842519685
    },
    "fast": {
      "boundary_detection_delay": 0.0,
      "boundary_f1": 0.4,
      "boundary_precision": 1.0,
      "boundary_recall": 0.25,
      "false_change_rate": 0.0
    },
    "macro": {
      "boundary_detection_delay": 0.0,
      "boundary_f1": 0.3548387096774194,
      "boundary_precision": 0.21653543307086615,
      "boundary_recall": 0.9821428571428571,
      "false_change_rate": 0.19586614173228348
    },
    "mid": {
      "boundary_detection_delay": 0.0,
      "boundary_f1": 0.8266932270916334,
      "boundary_precision": 0.8169291338582677,
      "boundary_recall": 0.8366935483870968,
      "false_change_rate": 0.04576771653543307
    },
    "slow": {
      "boundary_detection_delay": 0.0,
      "boundary_f1": 0.3548387096774194,
      "boundary_precision": 0.21653543307086615,
      "boundary_recall": 0.9821428571428571,
      "false_change_rate": 0.19586614173228348
    }
  },
  "checkpoint_path": "/mnt/disk1/backup_user/dat.tt2/xuance/external_baselines/dreamerv3-official/paper_artifacts/synthetic_v7/checkpoints/hts_full_synthetic_smoke_v7.npz",
  "config_hash": "e6d413a3f01bd40f",
  "dataset_manifest_hash": "a443734b92bd118948ef482ad29f719750b12115811078a17569f2ecfaa6e37d",
  "dead_feature_ratio": 5.086263020837034e-05,
  "different_macro_similarity": -0.0015258975327014923,
  "effective_rank": 45.0,
  "evaluation_split": "test",
  "global_step": 200,
  "marginal_prefix_gain": {
    "1": 0.0,
    "2": -0.004857964480615928,
    "3": -0.003081507506224934,
    "4": 0.008455841329832792,
    "5": 0.0007877425061606491,
    "6": -0.013248661232365233
  },
  "method": "hts_full",
  "model_derived": true,
  "prediction_nrmse": {
    "1": {
      "1": 1.0751536733716234,
      "16": 1.0758459323375342,
      "2": 1.07499498875703,
      "32": 1.0784767028610296,
      "4": 1.0757627758601638,
      "8": 1.076602909223489
    },
    "2": {
      "1": 1.0809127840382577,
      "16": 1.078909910349274,
      "2": 1.0812467327564794,
      "32": 1.078864489603086,
      "4": 1.081086729994853,
      "8": 1.0808226601878734
    },
    "3": {
      "1": 1.080743539233082,
      "16": 1.0834785145535382,
      "2": 1.0805845835068868,
      "32": 1.0837753285340783,
      "4": 1.0812378613538496,
      "8": 1.0819964142434129
    },
    "4": {
      "1": 1.074637960138326,
      "16": 1.074823980540291,
      "2": 1.0743501113336247,
      "32": 1.0755614965491063,
      "4": 1.0750192283479825,
      "8": 1.076059306397543
    },
    "5": {
      "1": 1.084583603423282,
      "16": 1.0837930695707663,
      "2": 1.0852033889826742,
      "32": 1.0800120792718435,
      "4": 1.0862649972542857,
      "8": 1.084362884152254
    },
    "6": {
      "1": 1.0837742696960362,
      "16": 1.0827311295797484,
      "2": 1.0842103528455265,
      "32": 1.0776943705665982,
      "4": 1.0830522824954922,
      "8": 1.0820752652836123
    }
  },
  "predictive_utility_per_active_feature": {
    "1": {
      "1": 0.11626244968561446,
      "16": 0.11618763997478045,
      "2": 0.11627961168375542,
      "32": 0.11590421890757058,
      "4": 0.11619662128093816,
      "8": 0.1161059465694971
    },
    "2": {
      "1": 0.05782150131517867,
      "16": 0.05792884036403135,
      "2": 0.057803642841572495,
      "32": 0.05793127919780425,
      "4": 0.057812197883665574,
      "8": 0.05782632273179257
    },
    "3": {
      "1": 0.03855370412870583,
      "16": 0.03845638477456332,
      "2": 0.03855937544044622,
      "32": 0.038445852709164514,
      "4": 0.03853607808224354,
      "8": 0.03850906167721146
    },
    "4": {
      "1": 0.02907956088475618,
      "16": 0.029074528068498716,
      "2": 0.029087352122222607,
      "32": 0.029054591570249352,
      "4": 0.029069247476567247,
      "8": 0.029041150246210998
    },
    "5": {
      "1": 0.023050320800839758,
      "16": 0.023067134027840212,
      "2": 0.023037156212419318,
      "32": 0.023147889244968738,
      "4": 0.023014641968063014,
      "8": 0.02305501263424471
    },
    "6": {
      "1": 0.019222945138909445,
      "16": 0.019241465180197554,
      "2": 0.019215213426668327,
      "32": 0.019331392923907384,
      "4": 0.01923575958985396,
      "8": 0.019253127760814163
    }
  },
  "prefix_nrmse": {
    "1": 1.0631183061504923,
    "2": 1.0679762706311082,
    "3": 1.0710577781373332,
    "4": 1.0626019368075004,
    "5": 1.0618141943013397,
    "6": 1.075062855533705
  },
  "probe_accuracy": {
    "z_1:1": {
      "f_context": 0.99951171875,
      "f_fast": 0.3447265625,
      "f_mid": 0.60595703125,
      "f_nuisance": 0.22021484375,
      "f_slow": 0.67041015625
    },
    "z_1:2": {
      "f_context": 1.0,
      "f_fast": 0.6650390625,
      "f_mid": 0.84619140625,
      "f_nuisance": 0.74072265625,
      "f_slow": 0.8974609375
    },
    "z_1:3": {
      "f_context": 1.0,
      "f_fast": 0.93359375,
      "f_mid": 0.97119140625,
      "f_nuisance": 0.95361328125,
      "f_slow": 0.9892578125
    },
    "z_1:4": {
      "f_context": 1.0,
      "f_fast": 0.9990234375,
      "f_mid": 0.99951171875,
      "f_nuisance": 1.0,
      "f_slow": 1.0
    },
    "z_1:5": {
      "f_context": 1.0,
      "f_fast": 1.0,
      "f_mid": 1.0,
      "f_nuisance": 1.0,
      "f_slow": 1.0
    },
    "z_1:6": {
      "f_context": 1.0,
      "f_fast": 1.0,
      "f_mid": 1.0,
      "f_nuisance": 1.0,
      "f_slow": 1.0
    }
  },
  "revisit_similarity": 0.0005718248430639505,
  "same_macro_distant_similarity": 0.007349813356995583,
  "seed": 0,
  "smoke_metric": false,
  "status": "pass",
  "topk_utilization_entropy": 5.084021055251143e-05
}