{
  "batch_size": 32,
  "checkpoint_hash": "fe271ed32e63f1b61ef93b01559314ea063b9f785fdecf5b68709acd368da9b9",
  "checkpoint_path": "/mnt/disk1/backup_user/dat.tt2/xuance/external_baselines/dreamerv3-official/paper_artifacts/synthetic_harness_forensics_v17/runs/historical_recipe_replay/seed_0/checkpoints/step_1000.npz",
  "dataset_manifest_hash": "5670241265b225d4cdab4e78131192fc24822c8dd4cb5b5617b3364be3dae9eb",
  "learning_rate": 0.05,
  "loss_curves": [
    {
      "hier": 0.11465959250926971,
      "loss": 0.32584190368652344,
      "sdyn": 0.11675544828176498,
      "sparse": 0.08684792369604111,
      "temp": 0.01683063432574272,
      "update": 251,
      "vc": 0.7410648465156555
    },
    {
      "hier": 0.11377964913845062,
      "loss": 0.30398327112197876,
      "sdyn": 0.11586637794971466,
      "sparse": 0.06646600365638733,
      "temp": 0.014133467338979244,
      "update": 500,
      "vc": 0.7729899883270264
    },
    {
      "hier": 0.11348375678062439,
      "loss": 0.28403955698013306,
      "sdyn": 0.115166574716568,
      "sparse": 0.04717683792114258,
      "temp": 0.011552021838724613,
      "update": 750,
      "vc": 0.8096892237663269
    },
    {
      "hier": 0.113127700984478,
      "loss": 0.26880183815956116,
      "sdyn": 0.1146499514579773,
      "sparse": 0.03255729004740715,
      "temp": 0.009334619157016277,
      "update": 1000,
      "vc": 0.8373563885688782
    }
  ],
  "metrics": {
    "absolute_difference_from_historical_record": 0.0,
    "active_count_max": 8,
    "active_count_mean": 7.999755859375,
    "active_count_min": 7,
    "alive_feature_ratio": 0.999969482421875,
    "boundary_auprc_macro": 0.6463581802062934,
    "boundary_auprc_overall": 0.7338414786886552,
    "checkpoint_hash": "fe271ed32e63f1b61ef93b01559314ea063b9f785fdecf5b68709acd368da9b9",
    "checkpoint_path": "/mnt/disk1/backup_user/dat.tt2/xuance/external_baselines/dreamerv3-official/paper_artifacts/synthetic_harness_forensics_v17/runs/historical_recipe_replay/seed_0/checkpoints/step_1000.npz",
    "checkpoint_source_version": "v17_historical_recipe_replay",
    "dataset_manifest_hash": "5670241265b225d4cdab4e78131192fc24822c8dd4cb5b5617b3364be3dae9eb",
    "dead_feature_ratio": 3.0517578125e-05,
    "detached_probe_auprc": 0.3608039808733958,
    "effective_rank": 7.478326797485352,
    "evaluator_hash": "1fe9299b169a0870ac904d083b6c38c213d82f5ab746668ec3a5af6e934fe169",
    "evaluator_version": "v15_current",
    "factor_probe_accuracy": 0.4117706298828125,
    "full_prefix_gain": -0.0005119190477040902,
    "historical_recorded_boundary_auprc": 0.7338414786886552,
    "method": "historical_recipe_replay",
    "parameter_count": 17160,
    "prefix_gain": -0.0005119190477040902,
    "prefix_nrmse_l1": 0.9976205585965807,
    "prefix_nrmse_l2": 0.9972443736516341,
    "prefix_nrmse_l3": 0.9992464516673052,
    "prefix_nrmse_l4": 0.9952553741823223,
    "prefix_nrmse_l5": 0.9976378788336514,
    "prefix_nrmse_l6": 0.9981324776442848,
    "reproduces_high_boundary": true,
    "seed": 0,
    "split": "test",
    "topk_utilization_entropy": 0.002274795451003506
  },
  "optimizer": "sgd",
  "optimizer_updates": 1000,
  "recipe": "resume V9 hts_full final checkpoint at update 250; continue V12 BASE coefficients to update 1000",
  "seed": 0,
  "sequence_length": 64,
  "status": "pass",
  "wall_clock_seconds": 131.923
}