identified_drift_factor,seed,restored_boundary_auprc_overall,restored_boundary_auprc_macro,comparison_to_historical_checkpoint_metrics,comparison_to_low_v15_exact_baseline,prefix_gain,factor_probe_accuracy
historical_direct_head_parameterization_plus_v9_v12_checkpoint_lineage,0,0.7338414786886552,0.6463581802062934,0.0,0.4355224405464333,-0.0005119190477040902,0.4117706298828125
historical_direct_head_parameterization_plus_v9_v12_checkpoint_lineage,1,0.6251259834000918,0.4972343555438856,0.0,0.3268069452578699,0.0030290973791124998,0.39775390625
historical_direct_head_parameterization_plus_v9_v12_checkpoint_lineage,2,0.7341393756048248,0.6350112937667128,0.0,0.43582033746260285,0.004586151344337042,0.40950419108072916
historical_direct_head_parameterization_plus_v9_v12_checkpoint_lineage,3,0.6943352954437609,0.5419757550876059,0.0,0.396016257301539,0.0002051034195962309,0.4066864013671875
historical_direct_head_parameterization_plus_v9_v12_checkpoint_lineage,4,0.7281725341851187,0.622791087492278,0.0,0.4298534960428968,-0.00045739564835423074,0.40847981770833336
