{
  "rows": [
    {
      "boundary_auprc_at_1000": 0.7338414786886552,
      "boundary_auprc_at_250": 0.7941658690199886,
      "boundary_auprc_at_500": 0.780357718606542,
      "boundary_auprc_slope_500_to_1000": -0.04651623991788678,
      "checkpoint_updates_available": "250,500,1000",
      "classification": "improving",
      "config": "baseline_v9",
      "continued_to_2500": false,
      "prefix_gain_at_1000": -0.0005119190477040902,
      "prefix_gain_at_250": -0.006932424887508226,
      "prefix_gain_at_500": -0.0027099101530971836,
      "prefix_gain_slope_500_to_1000": 0.0021979911053930934,
      "reason_not_continued_to_2500": "V12 stopped at 1000 as a conservative matched-budget checkpoint; 2500 remains unresolved.",
      "seed": 0
    },
    {
      "boundary_auprc_at_1000": 0.6251259834000918,
      "boundary_auprc_at_250": 0.702591390296364,
      "boundary_auprc_at_500": 0.680016100619615,
      "boundary_auprc_slope_500_to_1000": -0.05489011721952319,
      "checkpoint_updates_available": "250,500,1000",
      "classification": "degrading",
      "config": "baseline_v9",
      "continued_to_2500": false,
      "prefix_gain_at_1000": 0.0030290973791124998,
      "prefix_gain_at_250": 0.004248760195686319,
      "prefix_gain_at_500": 0.004480727656453243,
      "prefix_gain_slope_500_to_1000": -0.001451630277340743,
      "reason_not_continued_to_2500": "negative final slopes at 1000",
      "seed": 1
    },
    {
      "boundary_auprc_at_1000": 0.7341393756048248,
      "boundary_auprc_at_250": 0.7819156840859877,
      "boundary_auprc_at_500": 0.7677401365883902,
      "boundary_auprc_slope_500_to_1000": -0.03360076098356546,
      "checkpoint_updates_available": "250,500,1000",
      "classification": "improving",
      "config": "baseline_v9",
      "continued_to_2500": false,
      "prefix_gain_at_1000": 0.004586151344337042,
      "prefix_gain_at_250": 0.00028772801990739616,
      "prefix_gain_at_500": 0.004395451999447353,
      "prefix_gain_slope_500_to_1000": 0.00019069934488968876,
      "reason_not_continued_to_2500": "V12 stopped at 1000 as a conservative matched-budget checkpoint; 2500 remains unresolved.",
      "seed": 2
    },
    {
      "boundary_auprc_at_1000": 0.6943352954437609,
      "boundary_auprc_at_250": 0.7714643262495967,
      "boundary_auprc_at_500": 0.7581996334219016,
      "boundary_auprc_slope_500_to_1000": -0.06386433797814062,
      "checkpoint_updates_available": "250,500,1000",
      "classification": "improving",
      "config": "baseline_v9",
      "continued_to_2500": false,
      "prefix_gain_at_1000": 0.0002051034195962309,
      "prefix_gain_at_250": -0.0018304662789816462,
      "prefix_gain_at_500": 0.0001940573500358589,
      "prefix_gain_slope_500_to_1000": 1.1046069560372018e-05,
      "reason_not_continued_to_2500": "V12 stopped at 1000 as a conservative matched-budget checkpoint; 2500 remains unresolved.",
      "seed": 3
    },
    {
      "boundary_auprc_at_1000": 0.7281725341851187,
      "boundary_auprc_at_250": 0.7846476080840001,
      "boundary_auprc_at_500": 0.7738089073675724,
      "boundary_auprc_slope_500_to_1000": -0.045636373182453616,
      "checkpoint_updates_available": "250,500,1000",
      "classification": "improving",
      "config": "baseline_v9",
      "continued_to_2500": false,
      "prefix_gain_at_1000": -0.00045739564835423074,
      "prefix_gain_at_250": -0.006482187092229141,
      "prefix_gain_at_500": -0.0029456774617930837,
      "prefix_gain_slope_500_to_1000": 0.002488281813438853,
      "reason_not_continued_to_2500": "V12 stopped at 1000 as a conservative matched-budget checkpoint; 2500 remains unresolved.",
      "seed": 4
    },
    {
      "boundary_auprc_at_1000": 0.308701771421538,
      "boundary_auprc_at_250": 0.4102982819604503,
      "boundary_auprc_at_500": 0.367969395585518,
      "boundary_auprc_slope_500_to_1000": -0.059267624163980015,
      "checkpoint_updates_available": "250,500,1000",
      "classification": "degrading",
      "config": "hier_x3",
      "continued_to_2500": false,
      "prefix_gain_at_1000": 0.005250329414860699,
      "prefix_gain_at_250": 0.0042473462987825394,
      "prefix_gain_at_500": 0.007489323530461833,
      "prefix_gain_slope_500_to_1000": -0.002238994115601134,
      "reason_not_continued_to_2500": "negative final slopes at 1000",
      "seed": 0
    },
    {
      "boundary_auprc_at_1000": 0.3262121829399966,
      "boundary_auprc_at_250": 0.34956190809734855,
      "boundary_auprc_at_500": 0.3380431809837279,
      "boundary_auprc_slope_500_to_1000": -0.011830998043731278,
      "checkpoint_updates_available": "250,500,1000",
      "classification": "degrading",
      "config": "hier_x3",
      "continued_to_2500": false,
      "prefix_gain_at_1000": 0.003608088161186962,
      "prefix_gain_at_250": 0.003521663712946932,
      "prefix_gain_at_500": 0.005863076985511362,
      "prefix_gain_slope_500_to_1000": -0.0022549888243244,
      "reason_not_continued_to_2500": "negative final slopes at 1000",
      "seed": 1
    },
    {
      "boundary_auprc_at_1000": 0.31865372948395854,
      "boundary_auprc_at_250": 0.3915098895066982,
      "boundary_auprc_at_500": 0.36619011927323586,
      "boundary_auprc_slope_500_to_1000": -0.04753638978927732,
      "checkpoint_updates_available": "250,500,1000",
      "classification": "degrading",
      "config": "hier_x3",
      "continued_to_2500": false,
      "prefix_gain_at_1000": 0.0036532444935496455,
      "prefix_gain_at_250": 0.001766664181201416,
      "prefix_gain_at_500": 0.005459674525168157,
      "prefix_gain_slope_500_to_1000": -0.0018064300316185111,
      "reason_not_continued_to_2500": "negative final slopes at 1000",
      "seed": 2
    },
    {
      "boundary_auprc_at_1000": 0.29053216180408237,
      "boundary_auprc_at_250": 0.35456722952797964,
      "boundary_auprc_at_500": 0.3243922378300559,
      "boundary_auprc_slope_500_to_1000": -0.03386007602597352,
      "checkpoint_updates_available": "250,500,1000",
      "classification": "degrading",
      "config": "hier_x3",
      "continued_to_2500": false,
      "prefix_gain_at_1000": 0.004995297760851725,
      "prefix_gain_at_250": 0.005475404128222006,
      "prefix_gain_at_500": 0.008137948735044476,
      "prefix_gain_slope_500_to_1000": -0.003142650974192751,
      "reason_not_continued_to_2500": "negative final slopes at 1000",
      "seed": 3
    },
    {
      "boundary_auprc_at_1000": 0.2968324809830551,
      "boundary_auprc_at_250": 0.3610750109398699,
      "boundary_auprc_at_500": 0.3346001729600715,
      "boundary_auprc_slope_500_to_1000": -0.037767691977016404,
      "checkpoint_updates_available": "250,500,1000",
      "classification": "improving",
      "config": "hier_x3",
      "continued_to_2500": false,
      "prefix_gain_at_1000": 0.0034981576769225198,
      "prefix_gain_at_250": -0.0013979905635557177,
      "prefix_gain_at_500": 0.0032607113656536457,
      "prefix_gain_slope_500_to_1000": 0.00023744631126887406,
      "reason_not_continued_to_2500": "V12 stopped at 1000 as a conservative matched-budget checkpoint; 2500 remains unresolved.",
      "seed": 4
    },
    {
      "boundary_auprc_at_1000": 0.3085250624409884,
      "boundary_auprc_at_250": 0.4094753889739814,
      "boundary_auprc_at_500": 0.3670472207293065,
      "boundary_auprc_slope_500_to_1000": -0.05852215828831814,
      "checkpoint_updates_available": "250,500,1000",
      "classification": "degrading",
      "config": "temp_003_hier_x3",
      "continued_to_2500": false,
      "prefix_gain_at_1000": 0.005255719896806177,
      "prefix_gain_at_250": 0.004243016239514952,
      "prefix_gain_at_500": 0.007486318999541441,
      "prefix_gain_slope_500_to_1000": -0.0022305991027352645,
      "reason_not_continued_to_2500": "negative final slopes at 1000",
      "seed": 0
    },
    {
      "boundary_auprc_at_1000": 0.32518190028613075,
      "boundary_auprc_at_250": 0.3490284976635246,