seed,mean_weighted_temp_loss,mean_weighted_hier_loss,temp_to_hier_loss_ratio,temp_gradient_norm_trunk,hier_gradient_norm_trunk,temp_to_hier_gradient_ratio,full_prefix_gain,strict_monotonic_pass,end_to_end_pass
0,0.00014845559373497964,0.11481718719005585,0.0012929736163039985,0.029753221198916435,0.015047856140881777,1.9772398752592641,-0.0069322481503952815,,False
1,0.00015470301732420922,0.11466069519519806,0.0013492244841254732,0.030988989397883415,0.014939171611331403,2.074344562343616,0.004248760195686319,,True
2,0.0001420179381966591,0.11480958759784698,0.0012369867462124944,0.02898712456226349,0.01359863008838147,2.131620933422536,0.0002878163884638685,,True
3,0.00014573046006262304,0.11454780399799347,0.001272223953461175,0.03133286535739899,0.013440837850794196,2.3311690614248115,-0.0018303779104251738,,False
4,0.00012998423539102078,0.11569193005561829,0.0011235376169152985,0.028417274355888367,0.014458752237260342,1.9654029538355862,-0.006482010355115753,,False
